ProductID,ProductName,CategoryID,SupplierID,UnitPrice,UnitsInStock,UnitsOnOrder,ReorderLevel,Discontinued,Description
1,Indicate,10,2,59.22,80,7,19,True,Human player half seat help expert outside.
2,Bit,1,9,234.37,98,40,15,False,Fund push result source where may guess down.
3,Then,1,6,172.22,3,15,8,False,Heart last expect north either prepare.
4,Eye,7,1,114.05,96,17,6,False,Himself respond arrive himself machine.
5,Music,9,12,458.46,7,6,12,True,Low mention fund lead develop tax.
6,Surface,5,11,891.65,25,9,3,True,Television interesting this to.
7,Hour,10,19,135.23,30,30,16,False,Watch first response may rather skin.
8,Service,10,12,537.9,8,23,15,False,Suffer sing rise central whom world parent.
9,Remember,6,9,937.57,47,13,3,False,Wait anything down job great west.
10,Price,1,3,19.01,34,7,11,False,Just discover world hand sing win close.
11,Charge,2,17,965.62,86,17,16,False,Choose long hour half.
12,Summer,6,19,953.54,16,6,3,True,Despite skin pull where fall.
13,Beyond,10,19,808.27,67,39,8,False,Resource everybody cold economy agree back throw.
14,Drug,8,2,456.06,80,27,14,False,Entire long whole buy upon.
15,Beat,7,9,582.03,22,13,9,False,Approach agreement leg cold toward save.
16,Mrs,10,13,692.12,38,7,5,False,Know great personal market several.
17,Exactly,6,14,592.07,64,35,17,True,Ball morning writer interesting.
18,Detail,5,6,64.49,85,19,1,True,Beautiful board student sense.
19,Box,4,15,661.99,66,43,16,False,Baby nature control.
20,Hope,8,4,957.87,9,15,5,True,Eight friend one record actually affect plan.
21,End,8,5,581.58,21,44,14,True,Early recently wall amount out address only.
22,Simply,7,9,611.17,79,7,14,False,Employee why more look model top act.
23,Movie,2,19,603.45,36,4,5,False,Charge blue ahead national.
24,Spend,2,18,559.12,7,26,9,False,Personal these nothing phone.
25,Around,9,12,213.02,78,49,19,True,Room hotel worker describe notice practice best.
26,Seat,8,11,150.63,9,21,7,True,Wife family region protect.
27,Experience,5,5,68.04,29,2,11,True,Born week the hospital deep however next.
28,Quickly,5,2,377.01,90,45,10,True,Material together first.
29,Economic,2,3,319.67,64,38,5,False,Close experience Democrat plant protect.
30,Clear,8,8,128.06,93,49,6,False,Other effort senior day something military.
31,Focus,1,6,617.34,12,42,7,True,Daughter claim modern ahead.
32,Seven,10,8,172.28,55,16,1,True,Economy former who view.
33,Have,1,2,224.76,28,31,12,False,Miss page exist option economy page listen bank.
34,Throughout,8,9,965.03,94,14,10,False,Be deep activity expect everybody very.
35,Citizen,9,19,439.54,21,35,12,False,Practice safe field personal company.
36,Positive,9,14,277.11,89,8,2,False,Under sound music central.
37,Should,7,6,435.05,69,22,7,True,Any tree reality concern you.
38,Serious,7,14,343.87,98,15,17,True,Board forward approach still.
39,Smile,2,15,985.73,61,23,1,True,Suggest group case policy building wish.
40,My,3,14,630.32,77,7,5,True,Mention plan his study production pay.
41,Like,4,19,818.2,72,6,10,False,Lead process such they.
42,Music,1,14,282.03,14,23,7,False,College smile and hope election young store.
43,Somebody,5,8,714.84,94,7,10,True,Chance cause must sign employee.
44,Order,4,14,579.61,23,43,10,False,Foreign technology free information author group.
45,Leader,6,8,196.5,45,9,3,True,Federal follow hundred cultural thank.
46,Although,6,16,71.99,45,33,10,True,Account leave big mention six.
47,Thing,5,14,942.06,44,23,18,True,Short star report up.
48,Price,7,16,419.1,92,41,6,False,Hard if special president everyone.
49,Pass,6,9,809.32,97,16,19,False,Onto evening door reveal usually such.
50,Computer,1,16,595.83,36,42,13,True,Among stage cost news inside. Ever partner land.
